{
  "created_at": "2026-01-15T20:18:40.736876",
  "best_model": "hist_gb",
  "threshold": 0.026820049108277275,
  "validation_metrics": {
    "recall": 1.0,
    "precision": 0.3983739837398374,
    "f1": 0.5697674418604651,
    "f2": 0.768025078369906,
    "confusion_matrix": [
      [
        0,
        74
      ],
      [
        0,
        49
      ]
    ],
    "true_negatives": 0,
    "false_positives": 74,
    "false_negatives": 0,
    "true_positives": 49,
    "pr_auc": 0.858699541992097,
    "threshold": 0.026820049108277275,
    "fpr": 0,
    "brier_score": 0.12015556679833723,
    "calibration_error": 0.10155450547689071,
    "model_name": "hist_gb"
  },
  "test_metrics": {
    "recall": 1.0,
    "precision": 0.40789473684210525,
    "f1": 0.5794392523364486,
    "f2": 0.775,
    "confusion_matrix": [
      [
        1,
        90
      ],
      [
        0,
        62
      ]
    ],
    "true_negatives": 1,
    "false_positives": 90,
    "false_negatives": 0,
    "true_positives": 62,
    "pr_auc": 0.8599550514832259,
    "n_samples": 153,
    "n_positive": 62,
    "n_negative": 91,
    "baseline_rate": 0.40522875816993464,
    "model_name": "hist_gb",
    "brier_score": 0.1194269424278455,
    "calibration_error": 0.10590735846806099,
    "threshold": 0.026820049108277275
  },
  "calibration": "sigmoid"
}